id,satisfaction_level
10,0.425448298454285
11,0.0662298798561096
27,0.434507519006729
28,0.37826144695282
36,0.387627065181732
39,0.400611877441406
43,0.128874808549881
60,0.728440880775452
65,0.377161353826523
66,0.413873046636581
68,0.73116409778595
73,0.0793090462684631
74,0.0922753214836121
76,0.0776148736476898
78,0.431211769580841
83,0.74890661239624
84,0.121537953615189
87,0.405690222978592
88,0.404116243124008
90,0.398885160684586
92,0.418507277965546
95,0.424608439207077
96,0.123940259218216
101,0.4265016913414
102,0.414988815784454
106,0.799080610275269
107,0.409042894840241
110,0.401841282844543
118,0.418840765953064
124,0.415605425834656
129,0.391242623329163
133,0.41101610660553
135,0.444008886814117
140,0.222964525222778
158,0.411688834428787
163,0.765115022659302
165,0.0824138224124908
175,0.641619324684143
176,0.426340907812119
181,0.0979269742965698
182,0.810173213481903
184,0.423486709594727
185,0.393339812755585
193,0.20197594165802
196,0.25404679775238
198,0.11727511882782
200,0.646976590156555
204,0.765346109867096
221,0.407666236162186
222,0.402932316064835
226,0.402397811412811
227,0.414698779582977
230,0.424234986305237
231,0.835824966430664
232,0.236585944890976
239,0.105094522237778
240,0.0861012637615204
242,0.42022055387497
246,0.405277907848358
254,0.714275121688843
262,0.409320414066315
268,0.41123104095459
288,0.790604829788208
290,0.388934135437012
291,0.701902568340302
297,0.412545949220657
309,0.0840688347816467
310,0.115960001945496
313,0.40825092792511
319,0.38905993103981
322,0.559862852096558
325,0.424957245588303
328,0.0939386487007141
334,0.0638178586959839
344,0.415337979793549
352,0.801591873168945
355,0.431589841842651
356,0.427737027406693
360,0.082832008600235
386,0.115648865699768
396,0.421627998352051
401,0.799728929996491
407,0.102452158927917
410,0.433916628360748
414,0.81756067276001
415,0.420122921466827
416,0.763252794742584
419,0.708983838558197
429,0.393397450447083
432,0.413344740867615
437,0.421136140823364
439,0.415363997220993
442,0.813531994819641
464,0.818811476230621
465,0.420705437660217
468,0.80755078792572
471,0.418443739414215
478,0.639421820640564
485,0.637467563152313
496,0.246563911437988
498,0.407489478588104
503,0.409982621669769
506,0.807763516902924
507,0.421136140823364
517,0.110173672437668
522,0.0823805928230286
523,0.685839831829071
524,0.808961153030396
528,0.126034051179886
532,0.220876097679138
533,0.414571523666382
535,0.433435678482056
537,0.399216413497925
538,0.85959005355835
540,0.412075996398926
552,0.732444882392883
554,0.421816170215607
557,0.430595576763153
559,0.102221041917801
562,0.436600804328918
566,0.0984023213386536
588,0.767309665679932
589,0.417530626058579
591,0.610977172851563
601,0.768728256225586
604,0.100263833999634
610,0.106165617704391
617,0.776449620723724
628,0.748890995979309
634,0.770851016044617
635,0.393657088279724
645,0.407801449298859
651,0.143179029226303
655,0.773625612258911
657,0.411937355995178
665,0.702664077281952
683,0.596270442008972
690,0.409160971641541
697,0.102221041917801
698,0.421326160430908
702,0.4211146235466
703,0.413665533065796
705,0.420164972543716
708,0.0986007452011108
713,0.794540166854858
714,0.396907597780228
727,0.443132817745209
733,0.385879188776016
735,0.853087306022644
740,0.0866487920284271
741,0.535516381263733
743,0.117359399795532
753,0.406721442937851
761,0.184787631034851
762,0.404701411724091
764,0.734461843967438
766,0.631117820739746
776,0.289036333560944
778,0.121181696653366
781,0.756414175033569
782,0.816919207572937
786,0.788477540016174
797,0.432495713233948
798,0.225273877382278
806,0.410242646932602
807,0.819984197616577
814,0.11508783698082
819,0.40770497918129
820,0.117123007774353
822,0.397321879863739
830,0.744138121604919
838,0.767488598823547
847,0.731295883655548
848,0.0749473869800568
852,0.744981825351715
854,0.767403781414032
856,0.144945502281189
857,0.116179496049881
875,0.264670491218567
878,0.397745490074158
879,0.830198168754578
880,0.666609644889832
882,0.142468512058258
889,0.107529133558273
914,0.625903010368347
918,0.136092454195023
921,0.417696535587311
922,0.417945444583893
926,0.738968253135681
932,0.418316692113876
938,0.241493046283722
939,0.410486996173859
946,0.401782840490341
970,0.389565348625183
981,0.397012501955032
984,0.738191545009613
986,0.40235647559166
990,0.286354452371597
1001,0.0932720601558685
1003,0.415360122919083
1005,0.710813999176025
1006,0.406858563423157
1008,0.765359342098236
1011,0.393595933914185
1012,0.082138329744339
1013,0.20670548081398
1014,0.420600891113281
1016,0.422179639339447
1025,0.382704317569733
1031,0.529779851436615
1034,0.127642393112183
1041,0.708068132400513
1053,0.270683765411377
1056,0.402584999799728
1057,0.417246460914612
1059,0.502457618713379
1064,0.671294748783112
1071,0.595665514469147
1077,0.7911616563797
1082,0.727216243743897
1086,0.712310552597046
1090,0.430558264255524
1098,0.423764735460281
1101,0.147996872663498
1108,0.117097675800323
1109,0.746296107769013
1112,0.18168169260025
1118,0.774288058280945
1121,0.415086805820465
1124,0.406309515237808
1129,0.0820603966712952
1134,0.412591576576233
1140,0.722624361515045
1152,0.428455889225006
1153,0.082138329744339
1167,0.407799303531647
1168,0.692528545856476
1172,0.402410686016083
1175,0.515556871891022
1177,0.658817887306213
1180,0.806693553924561
1182,0.773184657096863
1197,0.777064502239227
1198,0.104627847671509
1199,0.476597785949707
1204,0.426969230175018
1214,0.0717715620994568
1216,0.396090894937515
1219,0.8027503490448
1221,0.781749129295349
1224,0.109062373638153
1225,0.385157287120819
1231,0.187401235103607
1236,0.397628903388977
1244,0.106985956430435
1246,0.422769874334335
1250,0.746885418891907
1251,0.452167451381683
1256,0.383291125297546
1261,0.401005417108536
1277,0.781066536903381
1280,0.410881668329239
1289,0.371565043926239
1297,0.423010975122452
1298,0.402416318655014
1299,0.742727100849152
1302,0.101864159107208
1306,0.132985681295395
1310,0.745562434196472
1314,0.421421021223068
1328,0.0789726674556732
1329,0.175350397825241
1330,0.402045071125031
1343,0.407853722572327
1345,0.657656729221344
1348,0.578702926635742
1360,0.271032124757767
1365,0.077331930398941
1368,0.4088374376297
1380,0.783610701560974
1385,0.391625881195068
1388,0.662908673286438
1394,0.420764744281769
1401,0.123564779758453
1403,0.756470680236816
1405,0.423493146896362
1408,0.412396460771561
1412,0.390684247016907
1418,0.112655341625214
1424,0.41586822271347
1429,0.780719041824341
1433,0.40848782658577
1434,0.414324104785919
1437,0.434285491704941
1439,0.803401470184326
1446,0.423442125320435
1449,0.408957928419113
1454,0.444917798042297
1461,0.412640333175659
1462,0.417287707328796
1464,0.0838018357753754
1469,0.47245979309082
1477,0.394419193267822
1486,0.146493494510651
1496,0.142662346363068
1506,0.442756205797195
1508,0.74169135093689
1509,0.393159508705139
1510,0.761160850524902
1514,0.660186469554901
1526,0.758241653442383
1527,0.420703053474426
1531,0.39907830953598
1533,0.419196844100952
1541,0.5799640417099
1551,0.412466168403626
1557,0.684902131557465
1564,0.686730563640595
1573,0.404223084449768
1575,0.637791872024536
1576,0.656552851200104
1585,0.776948094367981
1592,0.466580599546433
1598,0.731301367282867
1610,0.801350116729736
1612,0.631084203720093
1617,0.787670612335205
1628,0.432328939437866
1637,0.0996716022491455
1640,0.750035226345062
1643,0.197276741266251
1644,0.836856961250305
1647,0.399287343025208
1649,0.40644371509552
1655,0.106069386005402
1668,0.768650770187378
1673,0.757974028587341
1676,0.0928654670715332
1680,0.304701209068298
1685,0.824673175811768
1688,0.424135357141495
1690,0.677179574966431
1696,0.437684655189514
1698,0.102041333913803
1699,0.37568998336792
1704,0.421606510877609
1715,0.384574681520462
1720,0.815802693367004
1723,0.108661234378815
1731,0.421852499246597
1733,0.414526879787445
1736,0.232090264558792
1737,0.162182867527008
1744,0.412758022546768
1748,0.692120730876923
1751,0.243866682052612
1753,0.780161798000336
1757,0.412406623363495
1762,0.649313032627106
1772,0.756385445594788
1778,0.614749789237976
1779,0.389537632465363
1791,0.254799842834473
1792,0.415921151638031
1801,0.156074404716492
1804,0.413620829582214
1813,0.156271457672119
1814,0.828130662441254
1816,0.41973865032196
1817,0.412630170583725
1821,0.0845600068569183
1826,0.219577550888062
1840,0.0915214419364929
1848,0.701815605163574
1855,0.731964766979218
1856,0.0869781374931335
1861,0.0937872529029846
1863,0.306723088026047
1876,0.129429966211319
1880,0.752726078033447
1886,0.083657294511795
1893,0.150226265192032
1903,0.694527745246887
1906,0.539470374584198
1908,0.733412683010101
1915,0.431686788797379
1925,0.37963941693306
1930,0.656937658786774
1945,0.630457162857056
1946,0.408238917589188
1951,0.561890065670013
1972,0.399608224630356
1974,0.400959819555283
1997,0.420600891113281
1998,0.78806734085083
2004,0.722322344779968
2005,0.668322563171387
2030,0.733224391937256
2034,0.714146375656128
2051,0.679357767105103
2057,0.772977471351624
2063,0.695184826850891
2065,0.506515562534332
2077,0.719651520252228
2081,0.734703183174133
2082,0.527789235115051
2087,0.717431306838989
2091,0.510789573192596
2094,0.471555382013321
2106,0.697912931442261
2115,0.771276235580444
2116,0.65759140253067
2117,0.729428887367249
2128,0.717331767082214
2130,0.722883760929108
2135,0.711582660675049
2142,0.73513799905777
2147,0.705456256866455
2151,0.691971004009247
2167,0.727259397506714
2170,0.681379675865173
2177,0.697693347930908
2181,0.755002498626709
2182,0.411145150661469
2192,0.478180885314941
2198,0.761013984680176
2201,0.481782972812653
2206,0.610418021678925
2210,0.471941530704498
2211,0.693282246589661
2231,0.611319601535797
2235,0.528879761695862
2237,0.667340397834778
2247,0.706863284111023
2248,0.700970709323883
2268,0.498388648033142
2273,0.738319218158722
2286,0.751546621322632
2289,0.613065481185913
2295,0.756075143814087
2296,0.504160702228546
2298,0.465252876281738
2302,0.680008888244629
2304,0.751388847827911
2306,0.643424034118652
2308,0.68026876449585
2318,0.729852318763733
2319,0.707753717899323
2321,0.71142566204071
2326,0.685029566287994
2331,0.700467228889465
2334,0.686419606208801
2335,0.696151852607727
2336,0.719024777412415
2338,0.747975945472717
2340,0.706628322601318
2345,0.679266035556793
2348,0.720499217510223
2351,0.743249893188477
2355,0.699606418609619
2357,0.604244649410248
2358,0.717248141765595
2365,0.754040598869324
2366,0.555279850959778
2374,0.729633808135986
2378,0.689424693584442
2383,0.705250263214111
2389,0.665480554103851
2394,0.707266926765442
2398,0.70446902513504
2400,0.624906778335571
2401,0.699615180492401
2404,0.751412272453308
2420,0.403390824794769
2431,0.580374300479889
2433,0.720094621181488
2438,0.718507170677185
2442,0.687991559505463
2444,0.673920273780823
2447,0.705835938453674
2450,0.739767372608185
2452,0.535162329673767
2455,0.735677063465118
2460,0.662724614143372
2465,0.750267148017883
2471,0.735694825649262
2473,0.780689716339111
2478,0.702731013298035
2488,0.761116921901703
2494,0.775022327899933
2500,0.610655188560486
2505,0.705071210861206
2509,0.684688687324524
2510,0.787284135818481
2512,0.564790904521942
2519,0.705743670463562
2529,0.751653134822846
2535,0.694086492061615
2537,0.72160017490387
2540,0.64174497127533
2556,0.720695495605469
2557,0.715996265411377
2560,0.685720801353455
2562,0.741840839385986
2568,0.745077252388001
2584,0.723806738853455
2585,0.725316882133484
2588,0.653282165527344
2596,0.687294781208038
2598,0.473826676607132
2601,0.684772193431854
2605,0.720014750957489
2607,0.713874936103821
2609,0.765163660049439
2611,0.782566428184509
2613,0.728907644748688
2614,0.743358492851257
2627,0.685624957084656
2628,0.766753017902374
2630,0.723405718803406
2634,0.564768016338348
2635,0.708383500576019
2639,0.728801131248474
2642,0.729937314987183
2644,0.801377654075623
2648,0.703266143798828
2652,0.748818874359131
2654,0.559409618377686
2659,0.718119621276856
2662,0.652340531349182
2665,0.715073108673096
2668,0.717009544372559
2671,0.722767412662506
2679,0.407625496387482
2683,0.612244188785553
2685,0.694886445999146
2687,0.693919897079468
2688,0.562056481838226
2702,0.707644402980804
2716,0.698700487613678
2717,0.718142986297607
2719,0.733135342597961
2720,0.722164452075958
2728,0.667260885238648
2736,0.59783273935318
2739,0.675458431243897
2740,0.379849135875702
2746,0.673742830753326
2754,0.734463512897492
2755,0.528774738311768
2759,0.698207259178162
2760,0.62822151184082
2765,0.726381421089172
2766,0.72490781545639
2767,0.568556129932404
2780,0.752145707607269
2795,0.71486759185791
2799,0.689860463142395
2800,0.688356876373291
2801,0.632141590118408
2805,0.761876344680786
2806,0.646251797676086
2811,0.669054687023163
2815,0.706448316574097
2821,0.480343878269196
2822,0.713099360466003
2823,0.700076937675476
2831,0.727031767368317
2834,0.434349715709686
2838,0.743149161338806
2841,0.649217486381531
2847,0.688269972801209
2852,0.735566854476929
2857,0.552121818065643
2864,0.717749714851379
2865,0.731410264968872
2867,0.699011981487274
2871,0.677403807640076
2880,0.74698269367218
2885,0.701701164245606
2890,0.710024356842041
2902,0.710933208465576
2903,0.385693907737732
2904,0.677056312561035
2909,0.748402178287506
2914,0.690384209156036
2919,0.737703800201416
2932,0.4825539290905
2933,0.732845425605774
2936,0.69531786441803
2943,0.768486976623535
2953,0.726729869842529
2955,0.667550325393677
2959,0.654306828975678
2964,0.585297405719757
2966,0.699291944503784
2971,0.729932725429535
2978,0.738184332847595
2983,0.677513360977173
2984,0.764144003391266
2986,0.760178565979004
2989,0.677920460700989
2995,0.718403339385986
2996,0.62271374464035
3009,0.739003896713257
3015,0.502067029476166
3018,0.712511420249939
3020,0.732073903083801
3022,0.684603095054627
3029,0.712354898452759
3030,0.680040836334229
3031,0.722177505493164
3033,0.727799892425537
3034,0.713348865509033
3042,0.686703622341156
3043,0.59924840927124
3048,0.508191585540772
3049,0.707974672317505
3062,0.69559109210968
3069,0.714533686637878
3076,0.777607440948486
3081,0.718081951141357
3087,0.456649631261826
3091,0.653719007968903
3101,0.81226909160614
3103,0.731898486614227
3117,0.715333938598633
3121,0.685295701026917
3123,0.710928320884705
3132,0.673966765403748
3142,0.712084352970123
3144,0.704288482666016
3150,0.686485052108765
3153,0.546552300453186
3155,0.696303486824036
3160,0.450469583272934
3165,0.728991150856018
3175,0.729902625083923
3180,0.731944441795349
3186,0.672129631042481
3188,0.755362510681152
3191,0.692541837692261
3198,0.703623592853546
3201,0.709159135818481
3203,0.689273476600647
3214,0.722220957279205
3221,0.666698396205902
3223,0.75801295042038
3224,0.750179171562195
3226,0.710474848747253
3230,0.443877547979355
3231,0.688577711582184
3237,0.713435471057892
3238,0.7480548620224
3243,0.572575092315674
3244,0.725577056407929
3245,0.529887318611145
3247,0.672478675842285
3249,0.555763304233551
3258,0.744385957717896
3259,0.70415723323822
3260,0.729018092155457
3261,0.641489863395691
3269,0.69644969701767
3282,0.73470664024353
3286,0.700593948364258
3288,0.792999029159546
3293,0.711756706237793
3294,0.669129371643066
3307,0.481244534254074
3318,0.723205327987671
3323,0.674975216388702
3324,0.635418772697449
3328,0.702246785163879
3332,0.735760033130646
3334,0.721192538738251
3337,0.710993766784668
3343,0.706083476543427
3356,0.736197352409363
3369,0.674445450305939
3371,0.780804395675659
3372,0.771241664886475
3375,0.733321368694305
3378,0.708086490631104
3383,0.722846686840057
3388,0.669946491718292
3396,0.704809784889221
3399,0.604676365852356
3417,0.621235430240631
3423,0.397634267807007
3424,0.664767861366272
3430,0.644968271255493
3434,0.595646381378174
3435,0.485201627016068
3447,0.74170058965683
3465,0.660835444927216
3469,0.724944591522217
3470,0.66374683380127
3471,0.695263028144836
3472,0.593918085098267
3475,0.669130802154541
3477,0.592437744140625
3482,0.707757711410523
3485,0.695173740386963
3498,0.578072726726532
3506,0.630184769630432
3509,0.678233683109283
3510,0.738256573677063
3513,0.688186287879944
3529,0.136171340942383
3530,0.698303163051605
3533,0.667596340179443
3535,0.78510582447052
3541,0.72340589761734
3552,0.705464005470276
3557,0.687684774398804
3559,0.722418427467346
3565,0.639033675193787
3567,0.727270007133484
3575,0.514801263809204
3576,0.746836423873901
3590,0.736081421375275
3594,0.809876024723053
3598,0.406040072441101
3601,0.672271192073822
3602,0.682722091674805
3604,0.646747827529907
3608,0.734618663787842
3610,0.765291690826416
3622,0.653023719787598
3624,0.618672430515289
3629,0.35840231180191
3641,0.603548526763916
3659,0.631217241287231
3663,0.589876592159271
3666,0.727657675743103
3676,0.418627619743347
3679,0.779340505599976
3680,0.650349020957947
3681,0.456590563058853
3683,0.662935137748718
3695,0.686375796794891
3700,0.694027125835419
3704,0.49471315741539
3719,0.53177535533905
3720,0.699094414710999
3722,0.723608374595642
3723,0.551376402378082
3727,0.656227767467499
3741,0.4227254986763
3745,0.726727247238159
3752,0.612021505832672
3755,0.72991806268692
3757,0.708175182342529
3761,0.710755288600922
3763,0.75174605846405
3772,0.649875700473785
3773,0.723597824573517
3774,0.71845155954361
3775,0.710752487182617
3776,0.707284331321716
3777,0.71931254863739
3788,0.731139719486237
3798,0.770769119262695
3800,0.72121661901474
3801,0.587524890899658
3803,0.743905663490295
3810,0.405885457992554
3818,0.373172253370285
3821,0.615108788013458
3822,0.654951930046082
3823,0.75014066696167
3824,0.732064127922058
3832,0.594652414321899
3841,0.70648580789566
3843,0.44989538192749
3851,0.75333833694458
3853,0.700413942337036
3855,0.687105774879456
3860,0.638140857219696
3863,0.733319044113159
3865,0.704890131950378
3866,0.706521809101105
3867,0.695918202400208
3869,0.73672354221344
3882,0.677940964698792
3884,0.690746068954468
3886,0.676885187625885
3890,0.462697446346283
3896,0.682774782180786
3897,0.747876048088074
3905,0.606859385967255
3907,0.697966992855072
3916,0.725824415683746
3918,0.560876846313477
3924,0.701478183269501
3937,0.74622106552124
3938,0.7147136926651
3944,0.605134844779968
3947,0.713406562805176
3951,0.729462087154388
3966,0.696329772472382
3969,0.748966217041016
3983,0.68702244758606
3984,0.714217662811279
3989,0.625033140182495
3995,0.484175980091095
4000,0.687807500362396
4002,0.663485646247864
4004,0.469737380743027
4005,0.722298860549927
4008,0.709723114967346
4013,0.700299084186554
4016,0.729553937911987
4017,0.744760692119598
4018,0.773887038230896
4021,0.605750322341919
4038,0.71250331401825
4039,0.660335540771484
4040,0.739941120147705
4048,0.566293835639954
4051,0.750917732715607
4055,0.709921538829804
4058,0.320182532072067
4060,0.725263118743897
4069,0.72280353307724
4071,0.685572862625122
4072,0.782986640930176
4075,0.722632229328156
4076,0.632200360298157
4080,0.680372476577759
4083,0.632872581481934
4085,0.695107102394104
4087,0.71291184425354
4091,0.700002074241638
4110,0.750102162361145
4111,0.433146208524704
4125,0.7159623503685
4128,0.356456220149994
4132,0.650746762752533
4134,0.708929419517517
4137,0.709936261177063
4142,0.64513635635376
4145,0.538104951381683
4151,0.700613915920258
4153,0.748525142669678
4158,0.636394441127777
4159,0.720868110656738
4165,0.684144496917725
4175,0.701334178447723
4176,0.732312560081482
4183,0.719813287258148
4192,0.45787701010704
4195,0.68909752368927
4202,0.724836349487305
4204,0.713865637779236
4205,0.729458689689636
4208,0.624359369277954
4226,0.76477837562561
4229,0.694922745227814
4234,0.68173623085022
4243,0.471211314201355
4255,0.622728645801544
4256,0.680335581302643
4265,0.512489974498749
4268,0.751894474029541
4272,0.573883652687073
4288,0.708770275115967
4289,0.584885537624359
4291,0.726573526859283
4295,0.767060875892639
4317,0.746810853481293
4340,0.653289318084717
4346,0.560441851615906
4362,0.693882822990418
4363,0.691846668720245
4371,0.670578241348267
4374,0.697433114051819
4385,0.74358469247818
4389,0.725033521652222
4396,0.726919233798981
4397,0.699631750583649
4399,0.737161457538605
4402,0.683069050312042
4404,0.719800710678101
4408,0.713618576526642
4411,0.506734907627106
4412,0.711387634277344
4417,0.691641628742218
4427,0.691922008991242
4428,0.477400869131088
4440,0.619219064712524
4444,0.495216906070709
4449,0.387173712253571
4457,0.666834115982056
4459,0.602752566337585
4461,0.731622636318207
4462,0.715291619300842
4463,0.516996383666992
4467,0.704555213451386
4470,0.5851930975914
4471,0.738556265830994
4473,0.416043341159821
4475,0.802431225776672
4487,0.744989097118378
4496,0.726499199867249
4499,0.556387603282929
4508,0.615064382553101
4509,0.606573402881622
4511,0.708786725997925
4512,0.709057927131653
4513,0.587159752845764
4518,0.730855226516724
4520,0.433257907629013
4526,0.62703275680542
4529,0.742581963539124
4534,0.387615859508514
4535,0.696197390556335
4536,0.390267819166183
4539,0.715172350406647
4548,0.69300764799118
4550,0.441906988620758
4554,0.730641305446625
4564,0.470490902662277
4566,0.460607171058655
4574,0.702454149723053
4578,0.709634363651276
4580,0.781556725502014
4581,0.735918402671814
4585,0.711476385593414
4599,0.696249306201935
4603,0.66025310754776
4604,0.744995951652527
4605,0.716679930686951
4615,0.705283880233765
4616,0.757256269454956
4622,0.689821004867554
4636,0.67742782831192
4640,0.663092076778412
4646,0.70046079158783
4650,0.728558599948883
4668,0.732532978057861
4689,0.713713228702545
4696,0.70992237329483
4701,0.685713708400726
4702,0.702978074550629
4711,0.787157297134399
4712,0.732281446456909
4713,0.716481626033783
4715,0.716066956520081
4722,0.693874061107636
4727,0.710245013237
4733,0.725706994533539
4740,0.758337914943695
4745,0.726559460163117
4753,0.7682044506073
4760,0.728506028652191
4765,0.703959584236145
4767,0.651240646839142
4768,0.608621656894684
4769,0.718694984912872
4772,0.760590672492981
4776,0.683274328708649
4781,0.717106282711029
4783,0.598035097122192
4786,0.717075228691101
4789,0.73801577091217
4798,0.622372448444367
4800,0.719962239265442
4803,0.487144589424133
4806,0.670489072799683
4811,0.73664927482605
4816,0.766500234603882
4819,0.730702042579651
4821,0.697644829750061
4822,0.711785972118378
4827,0.704367816448212
4834,0.751237273216248
4835,0.678590834140778
4839,0.729317605495453
4842,0.713438153266907
4853,0.637591004371643
4862,0.747626543045044
4864,0.737316310405731
4865,0.67029881477356
4872,0.721252202987671
4873,0.678395569324493
4883,0.620945036411285
4885,0.720788657665253
4886,0.659785211086273
4892,0.446765959262848
4894,0.574010848999023
4913,0.678894639015198
4918,0.733120083808899
4920,0.682374954223633
4925,0.697811603546143
4936,0.45221084356308
4942,0.597949206829071
4947,0.659686028957367
4954,0.735819518566132
4970,0.575470089912415
4971,0.729275703430176
4972,0.729210376739502
4982,0.556089460849762
4991,0.6341512799263
4995,0.682588875293732
5000,0.479650020599365
5001,0.691803634166718
5004,0.785514771938324
5014,0.716642022132874
5020,0.774282455444336
5026,0.677337646484375
5027,0.540972232818604
5031,0.598645031452179
5036,0.750724136829376
5037,0.713890075683594
5048,0.726827740669251
5051,0.694662868976593
5052,0.688914954662323
5055,0.583251953125
5057,0.672633528709412
5061,0.733333230018616
5074,0.545060753822327
5075,0.647743344306946
5076,0.736121773719788
5079,0.741667032241821
5082,0.533424198627472
5090,0.7087562084198
5091,0.784481525421143
5100,0.499867260456085
5101,0.727998852729797
5109,0.737218677997589
5118,0.705984234809876
5129,0.67183643579483
5136,0.54317843914032
5145,0.629209518432617
5155,0.722164511680603
5156,0.464913934469223
5163,0.737814605236054
5174,0.69664454460144
5175,0.692788302898407
5178,0.714605987071991
5179,0.592137336730957
5183,0.665733933448792
5185,0.730287313461304
5189,0.704974412918091
5194,0.516306340694428
5195,0.72400027513504
5196,0.708718717098236
5197,0.505179703235626
5216,0.560121178627014
5225,0.574315667152405
5227,0.650227129459381
5229,0.746996343135834
5230,0.656327962875366
5235,0.433794975280762
5239,0.567026793956757
5246,0.622834861278534
5252,0.767316997051239
5253,0.556469082832336
5255,0.654700040817261
5259,0.603832244873047
5262,0.578776657581329
5265,0.75691294670105
5268,0.720706224441528
5269,0.59230649471283
5272,0.707594990730286
5303,0.71911633014679
5307,0.491717278957367
5308,0.585825324058533
5311,0.637386322021484
5312,0.659584760665894
5313,0.720117092132568
5321,0.676796734333038
5323,0.706061959266663
5324,0.715395092964172
5327,0.775238871574402
5329,0.613912582397461
5330,0.744198083877564
5331,0.682986974716187
5333,0.713254451751709
5334,0.695407748222351
5336,0.745769023895264
5346,0.661846876144409
5353,0.757607936859131
5360,0.685549557209015
5366,0.659103810787201
5368,0.75855678319931
5369,0.720449447631836
5371,0.530017971992493
5373,0.682129263877869
5375,0.707834303379059
5381,0.664640486240387
5385,0.683336734771729
5386,0.409276604652405
5388,0.721991300582886
5389,0.733255922794342
5394,0.675933480262756
5401,0.520097136497498
5405,0.708880126476288
5412,0.459092378616333
5417,0.443684488534927
5421,0.713256120681763
5426,0.724899172782898
5428,0.568859338760376
5438,0.715494811534882
5439,0.794885396957398
5440,0.706872344017029
5441,0.728592097759247
5458,0.617239475250244
5470,0.70490288734436
5476,0.736963033676148
5484,0.708311319351196
5486,0.740464568138123
5490,0.504503965377808
5500,0.70695436000824
5510,0.704062819480896
5517,0.715577960014343
5528,0.751795172691345
5540,0.610865712165833
5541,0.525638461112976
5545,0.654214262962341
5550,0.495822310447693
5551,0.702894568443298
5571,0.704262852668762
5580,0.711773335933685
5588,0.652710020542145
5592,0.703303575515747
5596,0.636948466300964
5598,0.7018101811409
5599,0.409875392913818
5611,0.672843813896179
5614,0.699025094509125
5622,0.745389878749847
5625,0.72459352016449
5628,0.717442035675049
5639,0.712818682193756
5643,0.709206938743591
5646,0.69795036315918
5660,0.799824774265289
5662,0.553011953830719
5668,0.742365598678589
5669,0.664508640766144
5674,0.736789107322693
5678,0.494571000337601
5686,0.687261760234833
5694,0.736570358276367
5695,0.682426869869232
5701,0.477035760879517
5706,0.7129967212677
5708,0.746814489364624
5712,0.658865749835968
5713,0.681178092956543
5716,0.454672694206238
5718,0.693776965141296
5725,0.554429352283478
5729,0.783540725708008
5734,0.768358767032623
5737,0.528872013092041
5739,0.699960350990295
5740,0.68471097946167
5743,0.720052778720856
5748,0.684717059135437
5752,0.715963959693909
5753,0.50047367811203
5765,0.701590061187744
5769,0.787100791931152
5772,0.300997376441956
5778,0.707401216030121
5785,0.703583359718323
5789,0.645646810531616
5795,0.702966868877411
5801,0.766552329063416
5809,0.683873355388641
5823,0.727690815925598
5825,0.635538578033447
5837,0.702570021152496
5840,0.567069053649902
5842,0.705101072788239
5843,0.669164896011353
5849,0.668249309062958
5852,0.583335340023041
5856,0.601477384567261
5859,0.222969502210617
5870,0.716291189193726
5872,0.562094867229462
5873,0.718566060066223
5881,0.757589399814606
5884,0.757385015487671
5890,0.734295666217804
5902,0.715768098831177
5905,0.693442821502686
5915,0.639367401599884
5919,0.621916115283966
5926,0.653722643852234
5927,0.483734577894211
5929,0.581437647342682
5933,0.737049102783203
5938,0.692031264305115
5940,0.760953545570374
5943,0.700020551681519
5945,0.674691736698151
5948,0.72272527217865
5949,0.511632144451141
5955,0.71143639087677
5957,0.763581812381744
5958,0.683347582817078
5959,0.684019804000855
5978,0.63740611076355
5980,0.716632008552551
5984,0.732470154762268
5989,0.437033951282501
6005,0.710875689983368
6016,0.588763952255249
6021,0.717196047306061
6023,0.596152186393738
6029,0.708288669586182
6033,0.284834742546082
6039,0.556922733783722
6046,0.724712610244751
6047,0.760759711265564
6051,0.739430665969849
6056,0.580835700035095
6063,0.686960518360138
6071,0.638757467269898
6077,0.697977066040039
6081,0.735879898071289
6085,0.688164412975311
6098,0.715219378471375
6101,0.674413919448853
6106,0.720459461212158
6108,0.666086912155151
6110,0.686080098152161
6111,0.582768201828003
6115,0.720595598220825
6117,0.728896617889404
6120,0.649752497673035
6122,0.55677342414856
6124,0.724928498268127
6129,0.694790601730347
6138,0.726218402385712
6140,0.723702132701874
6146,0.538602888584137
6150,0.684984147548676
6154,0.703757703304291
6155,0.171482384204865
6162,0.692498087882996
6167,0.764582991600037
6171,0.724885761737824
6172,0.641739964485169
6176,0.457460820674896
6180,0.592397272586823
6181,0.690344631671906
6201,0.722163200378418
6203,0.750283598899841
6213,0.703094363212585
6219,0.6806800365448
6231,0.71379542350769
6233,0.691863536834717
6240,0.685861468315125
6243,0.43030834197998
6244,0.607377111911774
6245,0.718257367610931
6247,0.628325700759888
6251,0.720540165901184
6255,0.483609586954117
6261,0.745095729827881
6262,0.697460949420929
6269,0.709074795246124
6271,0.609067976474762
6275,0.809995353221893
6277,0.602904379367828
6278,0.691727519035339
6283,0.735250473022461
6297,0.701525390148163
6300,0.680484294891357
6305,0.688056945800781
6311,0.623207569122315
6314,0.730533540248871
6320,0.634779930114746
6323,0.708039879798889
6326,0.720324039459229
6329,0.424331814050674
6331,0.550282061100006
6335,0.707784771919251
6336,0.608617961406708
6337,0.568666934967041
6343,0.6791051030159
6345,0.597420334815979
6356,0.710598647594452
6357,0.626576006412506
6361,0.733488023281097
6366,0.717248201370239
6371,0.702690482139587
6374,0.657901585102081
6376,0.672756135463715
6382,0.741319119930267
6383,0.582468569278717
6384,0.506419181823731
6386,0.72074955701828
6393,0.680907964706421
6397,0.742870390415192
6403,0.658401548862457
6409,0.610343635082245
6419,0.493575096130371
6422,0.743165075778961
6427,0.691146433353424
6431,0.67465215921402
6435,0.734759211540222
6436,0.609731733798981
6438,0.713032364845276
6454,0.737148404121399
6458,0.733746528625488
6460,0.729977309703827
6468,0.724497556686401
6470,0.406097561120987
6473,0.710025906562805
6485,0.592023849487305
6488,0.676944851875305
6490,0.575774192810059
6494,0.746911704540253
6500,0.505466878414154
6507,0.737359881401062
6508,0.696454584598541
6513,0.695460677146912
6514,0.738289535045624
6520,0.620472967624664
6521,0.697197556495667
6524,0.694982051849365
6526,0.68688315153122
6527,0.740918576717377
6532,0.704826712608337
6533,0.683379530906677
6538,0.716571688652039
6545,0.652051687240601
6553,0.505774736404419
6556,0.643148481845856
6558,0.669510066509247
6562,0.708865523338318
6572,0.257554411888123
6573,0.700565814971924
6574,0.703446745872498
6580,0.737090229988098
6585,0.750273823738098
6592,0.750552296638489
6606,0.720328748226166
6618,0.71289849281311
6632,0.705212354660034
6633,0.693899393081665
6636,0.717235922813416
6639,0.719983100891113
6651,0.71128523349762
6653,0.738083839416504
6656,0.372230768203735
6659,0.563209354877472
6669,0.648638606071472
6674,0.783685564994812
6678,0.717516422271729
6682,0.581886291503906
6683,0.608517110347748
6689,0.725757002830505
6697,0.693034410476685
6699,0.661633491516113
6710,0.658912539482117
6711,0.697971165180206
6712,0.690355479717255
6718,0.668967425823212
6725,0.270248115062714
6728,0.555172324180603
6730,0.573583006858826
6738,0.691628217697144
6739,0.723710656166077
6740,0.71401584148407
6741,0.717680990695953
6743,0.701452672481537
6746,0.580871522426605
6747,0.725373804569244
6753,0.665503144264221
6764,0.718979775905609
6768,0.742405533790588
6772,0.720852434635162
6777,0.699487328529358
6780,0.727657079696655
6784,0.657178461551666
6788,0.690558254718781
6790,0.709395587444305
6794,0.751712501049042
6814,0.803137302398682
6815,0.698923826217651
6818,0.728498458862305
6820,0.674053370952606
6823,0.72694206237793
6826,0.410411566495895
6827,0.694274425506592
6831,0.682330071926117
6835,0.685757279396057
6840,0.675799012184143
6841,0.664066135883331
6877,0.648266911506653
6878,0.729915380477905
6884,0.417790174484253
6886,0.715467810630798
6887,0.570649802684784
6892,0.74759316444397
6901,0.685498297214508
6903,0.717517971992493
6904,0.712565779685974
6908,0.698340833187103
6914,0.760969758033752
6916,0.693286895751953
6918,0.703758060932159
6919,0.685329973697662
6920,0.708697319030762
6941,0.679920196533203
6955,0.708036959171295
6956,0.706921577453613
6957,0.50936883687973
6961,0.69225150346756
6965,0.522785544395447
6966,0.716024518013001
6974,0.69637793302536
6977,0.682217597961426
6979,0.727954149246216
6980,0.732145845890045
6986,0.531503915786743
6988,0.667742192745209
6990,0.722071468830109
6992,0.732370257377625
6999,0.695600390434265
7008,0.610672116279602
7016,0.426969677209854
7021,0.713555753231049
7023,0.705789804458618
7025,0.719873189926148
7027,0.663504004478455
7028,0.608962833881378
7030,0.621226131916046
7043,0.735184848308563
7050,0.720361828804016
7091,0.724219143390656
7094,0.74957799911499
7104,0.69198089838028
7110,0.674085736274719
7112,0.687857389450073
7114,0.754078567028046
7116,0.688835501670837
7124,0.713065385818481
7130,0.689069330692291
7132,0.641020596027374
7135,0.531029522418976
7159,0.685431778430939
7163,0.721360802650452
7165,0.709625005722046
7178,0.699749827384949
7186,0.56885290145874
7191,0.652623295783997
7192,0.68178117275238
7196,0.682059466838837
7200,0.726508915424347
7210,0.396705389022827
7214,0.74139678478241
7219,0.708268165588379
7220,0.723595321178436
7222,0.699045121669769
7229,0.724489688873291
7238,0.616554260253906
7243,0.71748161315918
7244,0.291596293449402
7253,0.703096032142639
7254,0.708733081817627
7255,0.473399817943573
7262,0.400408387184143
7267,0.520571827888489
7273,0.664316117763519
7276,0.742129564285278
7288,0.44691002368927
7301,0.70622992515564
7303,0.721419394016266
7304,0.711384475231171
7306,0.720980226993561
7314,0.763641834259033
7320,0.611720502376556
7329,0.7325798869133
7330,0.645185708999634
7331,0.690784573554993
7332,0.705927968025208
7333,0.62605232000351
7342,0.709587872028351
7344,0.601097524166107
7358,0.695842504501343
7361,0.738272547721863
7362,0.424708783626556
7364,0.471582144498825
7365,0.697803795337677
7367,0.614940345287323
7368,0.705155372619629
7370,0.704140543937683
7373,0.587247550487518
7376,0.469260334968567
7379,0.751815736293793
7385,0.68699586391449
7387,0.706884801387787
7399,0.703730165958405
7406,0.711891233921051
7412,0.666978001594544
7414,0.486147940158844
7430,0.41659140586853
7431,0.69317102432251
7432,0.707477629184723
7433,0.191926032304764
7440,0.66448187828064
7442,0.486502647399902
7444,0.673182249069214
7446,0.711819648742676
7449,0.617079317569733
7450,0.701478123664856
7451,0.729234337806702
7454,0.698193073272705
7457,0.708308219909668
7458,0.692501187324524
7465,0.678592085838318
7467,0.696577310562134
7470,0.667224109172821
7471,0.715948939323425
7472,0.57877391576767
7475,0.653776526451111
7480,0.639188587665558
7484,0.705103635787964
7489,0.694780826568604
7498,0.692873537540436
7509,0.708344995975494
7521,0.718927919864655
7525,0.633269906044006
7535,0.71867161989212
7546,0.714489102363586
7547,0.666185140609741
7549,0.453984975814819
7552,0.555024802684784
7553,0.656482815742493
7555,0.509901225566864
7565,0.697604179382324
7569,0.728247165679932
7571,0.719317972660065
7591,0.664461493492127
7599,0.691395282745361
7600,0.741268873214722
7601,0.677685022354126
7603,0.711294710636139
7609,0.714264392852783
7611,0.692455232143402
7615,0.614791393280029
7616,0.491265386343002
7618,0.733603656291962
7633,0.730098843574524
7639,0.758785426616669
7644,0.644141972064972
7653,0.703421235084534
7656,0.614894390106201
7657,0.633771359920502
7666,0.726925730705261
7673,0.693060457706451
7674,0.508074879646301
7675,0.714150428771973
7678,0.662249803543091
7689,0.48204892873764
7692,0.694904029369354
7694,0.609683930873871
7695,0.701233983039856
7697,0.623094856739044
7705,0.644402742385864
7706,0.60915994644165
7711,0.751060724258423
7716,0.738659024238586
7731,0.701600074768066
7734,0.62297922372818
7739,0.672489762306213
7740,0.700125098228455
7747,0.725054800510407
7751,0.722902297973633
7753,0.687986671924591
7754,0.704417705535889
7758,0.706376433372498
7768,0.604852318763733
7773,0.599889397621155
7775,0.618172943592072
7777,0.728958249092102
7782,0.425714403390884
7789,0.662888944149017
7794,0.542852342128754
7799,0.730946123600006
7803,0.521326184272766
7813,0.710482001304627
7814,0.593803405761719
7817,0.754017949104309
7825,0.725228428840637
7827,0.685963988304138
7835,0.749259889125824
7836,0.711751937866211
7837,0.619353771209717
7845,0.34271252155304
7846,0.710525631904602
7850,0.741774439811707
7852,0.566456735134125
7853,0.71740585565567
7858,0.665018022060394
7870,0.690624833106995
7871,0.673770785331726
7874,0.75285267829895
7886,0.704447627067566
7893,0.591591835021973
7894,0.685222327709198
7895,0.576035797595978
7897,0.756802558898926
7899,0.688217878341675
7906,0.736552238464356
7908,0.574972331523895
7911,0.731217920780182
7920,0.467829912900925
7928,0.46908575296402
7931,0.441687852144241
7932,0.724566876888275
7962,0.707310616970062
7963,0.45330348610878
7979,0.505172610282898
7988,0.704025626182556
8000,0.715277314186096
8002,0.439489275217056
8004,0.717528641223908
8010,0.534730017185211
8011,0.700276970863342
8012,0.697872698307037
8014,0.69948822259903
8016,0.69530189037323
8018,0.712349951267242
8020,0.665650725364685
8021,0.723540127277374
8025,0.726366758346558
8027,0.545058727264404
8028,0.739449262619019
8029,0.583231329917908
8034,0.77363932132721
8043,0.585683882236481
8050,0.729660511016846
8057,0.697274029254913
8058,0.668303906917572
8059,0.501480281352997
8069,0.715409934520721
8071,0.654898285865784
8073,0.720663189888001
8080,0.761300623416901
8081,0.750580549240112
8086,0.404371827840805
8088,0.655701398849487
8092,0.652107357978821
8094,0.663669586181641
8096,0.701446890830994
8097,0.73000693321228
8100,0.691139698028565
8103,0.684237241744995
8105,0.740372657775879
8118,0.698812127113342
8119,0.360384285449982
8137,0.75842672586441
8138,0.683723509311676
8146,0.754154980182648
8147,0.738252460956574
8149,0.63935112953186
8152,0.676643550395966
8158,0.715410172939301
8160,0.673985958099365
8161,0.537384688854218
8163,0.684609353542328
8177,0.198742717504501
8178,0.693039119243622
8179,0.694187104701996
8189,0.688731551170349
8192,0.772663235664368
8198,0.709810733795166
8208,0.713797092437744
8215,0.776768386363983
8219,0.618976950645447
8220,0.708871066570282
8235,0.7014519572258
8238,0.492730498313904
8239,0.687906265258789
8241,0.638342916965485
8243,0.637610971927643
8252,0.754178404808044
8253,0.654009699821472
8268,0.739273905754089
8273,0.565445423126221
8276,0.726724088191986
8281,0.667758941650391
8287,0.480893164873123
8291,0.71077561378479
8294,0.612220108509064
8302,0.533947288990021
8310,0.591195464134216
8322,0.688356399536133
8328,0.745281934738159
8331,0.660038113594055
8334,0.700829029083252
8341,0.727618277072907
8349,0.566543996334076
8353,0.719834625720978
8355,0.438238441944122
8359,0.634018182754517
8366,0.756181001663208
8369,0.749053716659546
8374,0.621280074119568
8377,0.503539443016052
8380,0.744592666625977
8406,0.684847295284271
8413,0.602875828742981
8433,0.732789218425751
8434,0.51377946138382
8437,0.553049027919769
8438,0.496288776397705
8442,0.697350740432739
8451,0.154144406318665
8454,0.695791959762573
8455,0.459163546562195
8456,0.62728077173233
8458,0.393290728330612
8470,0.701294898986816
8473,0.707872629165649
8486,0.703639984130859
8492,0.423211365938187
8501,0.725939512252808
8504,0.63026362657547
8505,0.741134405136108
8508,0.701696693897247
8510,0.704825520515442
8512,0.718843281269074
8513,0.578291475772858
8518,0.698842644691467
8520,0.718905389308929
8521,0.641697287559509
8525,0.417030423879623
8529,0.614271938800812
8533,0.731732964515686
8534,0.799904346466065
8540,0.722621858119965
8550,0.693884789943695
8551,0.719295501708984
8556,0.715691387653351
8559,0.715688109397888
8581,0.713361144065857
8582,0.717421770095825
8584,0.709020018577576
8590,0.616782069206238
8591,0.451503604650497
8599,0.681018233299255
8603,0.712683022022247
8609,0.726827800273895
8610,0.723327994346619
8614,0.692011475563049
8630,0.712502002716065
8635,0.499727368354797
8636,0.753966391086578
8646,0.720414161682129
8647,0.698496162891388
8670,0.506094992160797
8686,0.719838738441467
8693,0.730536580085754
8717,0.573671340942383
8718,0.703749477863312
8722,0.677680850028992
8724,0.643000364303589
8726,0.705952942371368
8732,0.685202777385712
8736,0.612649381160736
8737,0.776680111885071
8742,0.753978490829468
8743,0.581896901130676
8744,0.526088297367096
8747,0.743752360343933
8753,0.403475522994995
8758,0.526801586151123
8760,0.737754583358765
8761,0.70701140165329
8766,0.721037089824677
8775,0.669617533683777
8780,0.652102053165436
8781,0.611440420150757
8785,0.728489458560944
8799,0.349054634571075
8805,0.776741862297058
8812,0.574705362319946
8814,0.585224807262421
8819,0.66858434677124
8824,0.726727724075317
8833,0.513717651367188
8835,0.660321652889252
8839,0.585047781467438
8841,0.521655797958374
8850,0.755691170692444
8856,0.651996195316315
8860,0.752167522907257
8865,0.745327591896057
8866,0.517500281333923
8877,0.713539600372315
8884,0.647254705429077
8885,0.728218674659729
8896,0.705586373806
8908,0.725387811660767
8916,0.735573172569275
8920,0.624620914459229
8922,0.704891204833984
8927,0.72027599811554
8943,0.659113764762878
8952,0.702238321304321
8955,0.746753573417664
8956,0.731124401092529
8965,0.712060391902924
8968,0.671428143978119
8976,0.720967292785645
8980,0.529145061969757
8989,0.646480858325958
8991,0.705013155937195
8993,0.718843877315521
8994,0.669275283813477
9007,0.649109959602356
9015,0.700147330760956
9017,0.667866885662079
9019,0.597279965877533
9020,0.673167407512665
9021,0.542212903499603
9031,0.723337829113007
9035,0.68947571516037
9039,0.542702376842499
9040,0.780123472213745
9041,0.480901479721069
9059,0.350684404373169
9073,0.699689030647278
9074,0.730275809764862
9076,0.723124980926514
9077,0.693289816379547
9082,0.726990461349487
9105,0.669617235660553
9107,0.71726393699646
9118,0.72183096408844
9130,0.687285721302033
9136,0.644561886787415
9137,0.696278929710388
9144,0.728596210479736
9150,0.694279968738556
9153,0.595360279083252
9163,0.702278017997742
9166,0.479633450508118
9168,0.582431077957153
9178,0.708745837211609
9179,0.675021469593048
9181,0.719797074794769
9185,0.713764369487763
9186,0.707298159599304
9190,0.698400914669037
9191,0.590618193149567
9208,0.712677597999573
9219,0.540650367736816
9223,0.516335546970367
9224,0.706110179424286
9229,0.727535486221314
9242,0.730916023254395
9244,0.407110065221787
9259,0.714134395122528
9268,0.525346338748932
9269,0.688043117523193
9271,0.712927758693695
9272,0.684987545013428
9279,0.705635905265808
9286,0.677539944648743
9287,0.755595088005066
9295,0.519524455070496
9309,0.738349616527557
9324,0.713481783866882
9327,0.731019735336304
9342,0.704018235206604
9343,0.662764251232147
9356,0.672271847724915
9360,0.69777262210846
9361,0.716174244880676
9387,0.714162349700928
9391,0.541803121566773
9392,0.580603718757629
9393,0.737676024436951
9399,0.615771889686585
9413,0.618545651435852
9414,0.688232243061066
9416,0.703105807304382
9417,0.544367015361786
9423,0.693540334701538
9432,0.525624930858612
9443,0.689837753772736
9452,0.623388528823853
9464,0.766653418540955
9475,0.727463781833649
9478,0.557405531406403
9483,0.509268641471863
9487,0.574479103088379
9492,0.583038866519928
9497,0.54912805557251
9498,0.447115838527679
9501,0.625883936882019
9503,0.681312799453735
9504,0.724599838256836
9509,0.680686056613922
9512,0.628010928630829
9516,0.717877268791199
9518,0.713979780673981
9540,0.730118036270142
9567,0.704377055168152
9570,0.581954598426819
9572,0.647490561008453
9577,0.745212912559509
9581,0.722773969173431
9586,0.714855790138245
9594,0.70421040058136
9599,0.719761610031128
9611,0.731126964092255
9612,0.732648432254791
9615,0.641384601593018
9619,0.719039916992188
9629,0.604181408882141
9633,0.60038024187088
9635,0.605047941207886
9639,0.454758375883102
9648,0.578210830688477
9649,0.654547810554504
9652,0.53810578584671
9654,0.690716564655304
9659,0.697047352790833
9662,0.498609453439713
9665,0.700930953025818
9677,0.756475925445557
9681,0.711139976978302
9688,0.697632610797882
9689,0.347351312637329
9692,0.682372450828552
9694,0.638758957386017
9697,0.619071125984192
9700,0.670365929603577
9703,0.50666093826294
9709,0.641443192958832
9714,0.731614708900452
9717,0.6825190782547
9718,0.712488770484924
9719,0.691884756088257
9720,0.726121366024017
9721,0.696578979492188
9722,0.701628386974335
9725,0.706737816333771
9737,0.551435112953186
9738,0.695028007030487
9741,0.742909848690033
9742,0.734406292438507
9745,0.782929301261902
9751,0.730265438556671
9752,0.703727424144745
9754,0.733941555023193
9757,0.575671672821045
9758,0.779826283454895
9767,0.705752611160278
9775,0.785056829452515
9800,0.623212516307831
9804,0.711174130439758
9814,0.69294935464859
9819,0.750103890895844
9824,0.44429025053978
9826,0.641241192817688
9829,0.74241453409195
9837,0.729017496109009
9839,0.482359111309052
9842,0.585837364196777
9846,0.776265203952789
9850,0.721885204315186
9863,0.74665379524231
9875,0.448196470737457
9878,0.437466412782669
9879,0.652756571769714
9880,0.781184792518616
9885,0.670018136501312
9894,0.674548149108887
9895,0.71177613735199
9901,0.689307272434235
9910,0.644196689128876
9915,0.503759801387787
9919,0.728727400302887
9922,0.634397029876709
9924,0.710372447967529
9930,0.73351526260376
9932,0.720567345619202
9940,0.705464363098145
9946,0.511924207210541
9951,0.700899720191956
9954,0.690612137317658
9957,0.65036141872406
9971,0.581493616104126
9974,0.743204355239868
9977,0.703530192375183
9991,0.455620437860489
9994,0.683166146278381
9999,0.589384496212006
10006,0.716216564178467
10016,0.693645477294922
10021,0.692541360855103
10032,0.501695811748505
10034,0.743683815002441
10048,0.740490853786469
10053,0.748964428901672
10066,0.689845085144043
10089,0.730744063854218
10094,0.762895882129669
10100,0.535392940044403
10111,0.606583654880524
10113,0.727429032325745
10117,0.516546487808228
10120,0.722546339035034
10128,0.72622013092041
10131,0.62122392654419
10132,0.648075819015503
10144,0.727232575416565
10151,0.703119039535523
10152,0.716410934925079
10165,0.726211965084076
10171,0.726057529449463
10182,0.504276633262634
10193,0.67163747549057
10194,0.711416244506836
10197,0.410807996988297
10199,0.494797229766846
10203,0.718343257904053
10213,0.768402397632599
10220,0.731319904327393
10221,0.626792430877686
10225,0.725475907325745
10233,0.724599242210388
10242,0.661674857139587
10248,0.687777996063232
10250,0.720369219779968
10258,0.59287303686142
10260,0.707437694072723
10267,0.482232421636581
10271,0.680269837379456
10276,0.726367831230164
10281,0.569194853305817
10282,0.757190465927124
10287,0.488509953022003
10290,0.694977879524231
10297,0.720219075679779
10307,0.744741082191467
10309,0.742020905017853
10324,0.540841162204742
10329,0.736650407314301
10331,0.468175321817398
10335,0.573620736598969
10348,0.590802907943726
10353,0.624410510063171
10354,0.60949969291687
10359,0.733409345149994
10362,0.685312747955322
10364,0.595394849777222
10366,0.571728706359863
10367,0.717851638793945
10368,0.662491083145142
10372,0.703267514705658
10375,0.705397069454193
10376,0.670731663703919
10381,0.443278402090073
10383,0.716521203517914
10388,0.649823784828186
10393,0.734320342540741
10396,0.689641773700714
10399,0.75566965341568
10401,0.723099946975708
10407,0.713798046112061
10408,0.624013304710388
10409,0.697485864162445
10412,0.298613160848618
10416,0.58297473192215
10418,0.712787866592407
10419,0.691275417804718
10431,0.662680804729462
10443,0.61962878704071
10446,0.654442012310028
10447,0.714607357978821
10453,0.71781599521637
10457,0.683995664119721
10466,0.726293742656708
10467,0.486091703176498
10468,0.676010966300964
10479,0.742325067520142
10482,0.608403503894806
10493,0.677568852901459
10497,0.378762602806091
10510,0.707249402999878
10513,0.685299694538117
10515,0.744043707847595
10519,0.730049312114716
10520,0.753487527370453
10524,0.673381209373474
10526,0.664696276187897
10532,0.705600142478943
10534,0.699758052825928
10546,0.161074101924896
10552,0.77863746881485
10553,0.722580552101135
10562,0.544396042823792
10565,0.696935772895813
10571,0.458339184522629
10573,0.479276567697525
10581,0.667272627353668
10582,0.712412059307098
10590,0.723220586776733
10597,0.566632568836212
10601,0.708046078681946
10605,0.700589060783386
10606,0.684023141860962
10608,0.770215511322022
10609,0.726477026939392
10612,0.685602128505707
10614,0.706037998199463
10618,0.734100222587585
10625,0.561405181884766
10631,0.694574236869812
10637,0.727512240409851
10638,0.612569749355316
10643,0.713062047958374
10647,0.655975222587585
10655,0.679748773574829
10656,0.742678105831146
10657,0.742172956466675
10665,0.68397068977356
10666,0.764447093009949
10677,0.411827325820923
10679,0.698586940765381
10684,0.635258793830872
10689,0.765326857566834
10693,0.739103555679321
10696,0.736469328403473
10709,0.741610944271088
10716,0.721476078033447
10718,0.692283511161804
10722,0.679553151130676
10734,0.704136669635773
10735,0.674387216567993
10747,0.676818251609802
10754,0.734249293804169
10762,0.754491984844208
10763,0.524088025093079
10772,0.598683416843414
10775,0.617698431015015
10776,0.726209282875061
10777,0.583491683006287
10782,0.605445802211762
10788,0.692984223365784
10790,0.535437285900116
10792,0.495004445314407
10799,0.699066042900085
10809,0.49328625202179
10810,0.640783071517944
10822,0.73530787229538
10846,0.666953921318054
10848,0.644421696662903
10854,0.687450587749481
10858,0.721774458885193
10859,0.709184408187866
10877,0.707459092140198
10879,0.70383495092392
10889,0.658001482486725
10890,0.741531074047089
10895,0.704293310642242
10902,0.731046319007874
10909,0.711720585823059
10912,0.715563535690308
10921,0.711364984512329
10929,0.390279442071915
10931,0.677976250648499
10943,0.66155481338501
10944,0.712967991828919
10946,0.7469722032547
10947,0.717138707637787
10951,0.639922499656677
10952,0.561607003211975
10953,0.690794050693512
10965,0.701626896858215
10969,0.740443587303162
10973,0.678298592567444
10974,0.318359971046448
10976,0.713265001773834
10983,0.60917454957962
10987,0.726251363754273
10990,0.658949911594391
10991,0.478277176618576
10994,0.730372786521912
11000,0.435750961303711
11003,0.762398660182953
11004,0.737026691436768
11008,0.639562785625458
11009,0.697140693664551
11019,0.53745824098587
11023,0.74036830663681
11027,0.741927683353424
11029,0.717918634414673
11032,0.700750291347504
11037,0.590646326541901
11044,0.740790367126465
11058,0.711033344268799
11062,0.694811582565308
11065,0.576826393604279
11066,0.737837076187134
11071,0.775249123573303
11077,0.702198684215546
11079,0.685582160949707
11086,0.771979928016663
11094,0.699368953704834
11095,0.773924112319946
11098,0.738612651824951
11100,0.72275573015213
11102,0.726725220680237
11103,0.746770918369293
11105,0.696611285209656
11108,0.727251410484314
11120,0.710988283157349
11122,0.626185774803162
11127,0.576582312583923
11132,0.615779519081116
11135,0.631946444511414
11138,0.720517158508301
11144,0.713700830936432
11150,0.525528788566589
11160,0.682534337043762
11173,0.729132175445557
11177,0.746941030025482
11181,0.41181081533432
11182,0.636590421199799
11191,0.730782628059387
11201,0.662345409393311
11202,0.620860934257507
11206,0.54982990026474
11207,0.725762367248535
11210,0.587807714939117
11211,0.499445050954819
11214,0.817410588264465
11216,0.592065453529358
11226,0.766972661018372
11234,0.695158839225769
11235,0.736820816993713
11242,0.704505205154419
11245,0.699419558048248
11250,0.694146692752838
11251,0.636093974113464
11258,0.573131144046783
11264,0.633326172828674
11293,0.599834799766541
11310,0.719357132911682
11312,0.723463773727417
11314,0.669522345066071
11315,0.684988141059876
11316,0.735089421272278
11318,0.65750002861023
11322,0.751810789108276
11323,0.710284292697907
11331,0.701309978961945
11335,0.498934745788574
11341,0.71851658821106
11342,0.6417236328125
11352,0.727482974529266
11354,0.682981491088867
11355,0.729217410087585
11357,0.703050434589386
11369,0.726553916931152
11373,0.631928026676178
11374,0.728158950805664
11390,0.752560675144196
11395,0.662650346755981
11397,0.761473774909973
11401,0.678174018859863
11412,0.784565806388855
11419,0.68077552318573
11420,0.597539901733398
11424,0.732743740081787
11430,0.672807514667511
11445,0.713259398937225
11468,0.694459855556488
11470,0.725125789642334
11473,0.258283853530884
11482,0.70334005355835
11487,0.781221508979797
11488,0.662335455417633
11493,0.720922589302063
11510,0.633565664291382
11515,0.677886962890625
11518,0.73952442407608
11519,0.580097675323486
11527,0.658540368080139
11528,0.650406658649445
11531,0.621252417564392
11542,0.613881349563599
11547,0.660195231437683
11548,0.559514880180359
11563,0.621020197868347
11568,0.621857404708862
11570,0.685137391090393
11571,0.580759406089783
11580,0.63129061460495
11581,0.59892350435257
11582,0.629745006561279
11592,0.703468322753906
11596,0.616496384143829
11597,0.687142848968506
11601,0.729953706264496
11605,0.607826590538025
11606,0.566582441329956
11607,0.642300367355347
11609,0.628628432750702
11611,0.535297214984894
11618,0.741145670413971
11621,0.624171376228333
11625,0.723733484745026
11635,0.718060255050659
11641,0.484346032142639
11642,0.714517593383789
11644,0.63321053981781
11647,0.637315690517426
11653,0.686134099960327
11655,0.716825246810913
11656,0.7146435379982
11660,0.568522095680237
11661,0.500344038009644
11666,0.831131219863892
11674,0.531640410423279
11676,0.621696710586548
11692,0.720287919044495
11695,0.741133332252502
11696,0.720247447490692
11698,0.631772220134735
11700,0.749469518661499
11708,0.518343508243561
11713,0.727974593639374
11716,0.736514806747437
11726,0.659502387046814
11728,0.727876543998718
11732,0.443579286336899
11754,0.620766699314117
11758,0.623708188533783
11771,0.496318876743317
11772,0.725969552993774
11776,0.707488656044006
11777,0.613462924957275
11779,0.658580005168915
11789,0.757494509220123
11796,0.730973362922669
11797,0.710136592388153
11802,0.719739079475403
11811,0.730110764503479
11812,0.75827556848526
11813,0.633126556873322
11814,0.492232739925385
11815,0.742730140686035
11816,0.710488140583038
11824,0.730750143527985
11826,0.500908732414246
11831,0.738399147987366
11834,0.708479285240173
11835,0.413624823093414
11853,0.715587735176086
11857,0.685894906520844
11866,0.688640654087067
11867,0.735630571842194
11876,0.434227824211121
11880,0.692517578601837
11886,0.698732733726502
11889,0.735499739646912
11893,0.48542520403862
11902,0.734586238861084
11903,0.734469294548035
11908,0.56458592414856
11914,0.674413621425629
11917,0.588236212730408
11921,0.486330926418304
11925,0.600583493709564
11936,0.639689028263092
11937,0.713550984859467
11946,0.744668066501617
11953,0.661706149578095
11959,0.633556723594666
11964,0.703149914741516
11969,0.723653316497803
11974,0.679365336894989
11979,0.680349707603455
11983,0.725592315196991
11984,0.709536194801331
11986,0.609871864318848
11998,0.577899634838104
11999,0.708944261074066
12003,0.746684312820435
12009,0.413229823112488
12010,0.415585964918137
12012,0.775276958942413
12022,0.088793158531189
12024,0.419892877340317
12026,0.747953712940216
12033,0.418631672859192
12034,0.753623962402344
12036,0.388190060853958
12040,0.756331920623779
12043,0.135645091533661
12044,0.14015319943428
12046,0.415613979101181
12055,0.408922255039215
12057,0.104950845241547
12058,0.384836196899414
12060,0.740158557891846
12061,0.0819873511791229
12066,0.411334156990051
12074,0.081156998872757
12077,0.421618074178696
12083,0.747876465320587
12088,0.458927422761917
12094,0.0980503857135773
12101,0.420184761285782
12103,0.098621666431427
12116,0.687997817993164
12117,0.204592168331146
12120,0.600297510623932
12136,0.106629401445389
12159,0.393991500139236
12161,0.828602075576782
12162,0.420242100954056
12200,0.713467538356781
12210,0.385049223899841
12211,0.574252605438232
12212,0.812132716178894
12214,0.409456610679626
12219,0.742171883583069
12227,0.415968984365463
12229,0.813016057014465
12234,0.59475314617157
12235,0.741251945495606
12239,0.126034498214722
12242,0.420600891113281
12250,0.745040893554688
12253,0.801744401454926
12257,0.430582046508789
12259,0.0708291232585907
12260,0.377770006656647
12262,0.407863527536392
12266,0.111598819494247
12280,0.121356934309006
12283,0.093440055847168
12287,0.13234731554985
12295,0.411486208438873
12298,0.417735517024994
12299,0.71721363067627
12308,0.399774134159088
12312,0.41829526424408
12313,0.408837676048279
12314,0.0808344185352325
12315,0.768417716026306
12318,0.0798606276512146
12319,0.389646679162979
12334,0.0874038338661194
12335,0.389646828174591
12336,0.673325121402741
12341,0.402654856443405
12348,0.123289436101913
12354,0.44469889998436
12357,0.413508236408234
12361,0.798692524433136
12363,0.792554676532745
12367,0.40498086810112
12372,0.407388955354691
12379,0.736284017562866
12382,0.420848697423935
12387,0.220525771379471
12391,0.424581110477448
12398,0.724441707134247
12405,0.690172910690308
12408,0.794673323631287
12421,0.113544166088104
12429,0.399636626243591
12432,0.413899093866348
12433,0.764183402061462
12436,0.117503017187119
12439,0.404756337404251
12444,0.39266449213028
12445,0.175203055143356
12451,0.786411046981812
12453,0.407424092292786
12455,0.389551192522049
12459,0.431922614574432
12464,0.818811476230621
12471,0.410923987627029
12472,0.714815199375153
12475,0.433147668838501
12477,0.156046748161316
12482,0.773948967456818
12486,0.408543884754181
12493,0.115960001945496
12495,0.826265394687653
12500,0.745799422264099
12504,0.693804323673248
12511,0.562187612056732
12513,0.0851907730102539
12516,0.206922113895416
12517,0.112089425325394
12532,0.221304714679718
12534,0.733729064464569
12535,0.442352801561356
12536,0.067784994840622
12538,0.861857235431671
12539,0.241950303316116
12543,0.786625504493713
12555,0.0769765079021454
12557,0.430595576763153
12558,0.433091461658478
12559,0.100215941667557
12564,0.416389226913452
12565,0.505297780036926
12568,0.429255098104477
12595,0.474850088357925
12606,0.425014317035675
12614,0.116218596696854
12619,0.421017557382584
12622,0.550443291664124
12624,0.421141654253006
12635,0.393657088279724
12636,0.412010818719864
12647,0.402817070484161
12649,0.416872948408127
12650,0.396956354379654
12652,0.138081878423691
12666,0.444170922040939
12674,0.418336302042007
12686,0.100267797708511
12687,0.10185381770134
12689,0.775692880153656
12690,0.407647371292114
12698,0.41402679681778
12706,0.759414196014404
12708,0.0988242924213409
12714,0.396907597780228
12716,0.390664994716644
12720,0.4142025411129
12724,0.406441688537598
12725,0.387485980987549
12727,0.423554539680481
12729,0.107350170612335
12733,0.383887887001038
12735,0.830661535263062
12736,0.771813213825226
12742,0.421186864376068
12759,0.424591362476349
12768,0.153318226337433
12772,0.659025430679321
12773,0.420533150434494
12782,0.830099701881409
12788,0.707521915435791
12792,0.674199759960175
12798,0.725566565990448
12814,0.704634785652161
12830,0.641360104084015
12836,0.581385016441345
12837,0.478813827037811
12839,0.70689457654953
12845,0.713855266571045
12847,0.676623404026032
12851,0.739230930805206
12861,0.676064491271973
12863,0.515973031520844
12871,0.694248616695404
12872,0.603532552719116
12883,0.749252259731293
12884,0.420689195394516
12894,0.602138876914978
12895,0.614902794361115
12897,0.66782158613205
12898,0.704361438751221
12900,0.766962170600891
12907,0.728632152080536
12908,0.682874321937561
12912,0.482604891061783
12913,0.671027421951294
12914,0.635203123092651
12915,0.577280879020691
12917,0.73659610748291
12923,0.651282787322998
12924,0.682576537132263
12934,0.685330033302307
12943,0.66592538356781
12946,0.651530683040619
12948,0.696732580661774
12951,0.70088803768158
12958,0.687317252159119
12964,0.354110479354858
12971,0.742394804954529
12977,0.699174284934998
12980,0.732641100883484
12981,0.707851767539978
12984,0.78097277879715
12986,0.590413868427277
12990,0.729917347431183
12993,0.560103714466095
12997,0.755226790904999
12999,0.705248892307282
13019,0.637628197669983
13027,0.719272971153259
13028,0.408325165510178
13031,0.67186176776886
13033,0.745029985904694
13038,0.750119686126709
13044,0.716237962245941
13054,0.710535526275635
13059,0.669925689697266
13060,0.630915582180023
13070,0.709097981452942
13071,0.694508671760559
13073,0.549177527427673
13074,0.734584450721741
13075,0.717160284519196
13077,0.694582760334015
13081,0.70138144493103
13093,0.681382298469544
13102,0.679428100585938
13117,0.71998405456543
13118,0.54611337184906
13119,0.439438253641129
13122,0.662295818328857
13128,0.683174729347229
13130,0.542797744274139
13135,0.67979884147644
13137,0.707306742668152
13145,0.730923295021057
13146,0.633854150772095
13152,0.68748015165329
13156,0.483280181884766
13161,0.642863154411316
13162,0.647409319877625
13171,0.757532238960266
13175,0.548517823219299
13186,0.737895131111145
13187,0.718655169010162
13199,0.611793577671051
13219,0.637447118759155
13220,0.695318400859833
13249,0.754266917705536
13252,0.758928954601288
13253,0.690635025501251
13266,0.59543913602829
13269,0.7354816198349
13271,0.69109719991684
13276,0.598650693893433
13277,0.76054710149765
13282,0.756306290626526
13294,0.594590485095978
13300,0.761708617210388
13303,0.77203893661499
13305,0.699819684028626
13309,0.722835421562195
13312,0.37159276008606
13328,0.739529967308044
13333,0.632929384708405
13335,0.363155484199524
13338,0.61730968952179
13343,0.5965975522995
13351,0.692507982254028
13373,0.762661337852478
13380,0.554195940494537
13385,0.125013053417206
13386,0.554793834686279
13391,0.693051934242249
13397,0.723140299320221
13398,0.66242265701294
13399,0.69513076543808
13401,0.592698097229004
13402,0.736153542995453
13409,0.604593396186829
13425,0.803066194057465
13426,0.760688245296478
13430,0.609120190143585
13431,0.570448994636536
13436,0.563319504261017
13438,0.622412085533142
13440,0.530701696872711
13442,0.632641136646271
13444,0.701496720314026
13448,0.623462736606598
13458,0.612994015216827
13466,0.709643006324768
13469,0.544397354125977
13477,0.730797231197357
13480,0.718398809432983
13482,0.618973970413208
13483,0.633658170700073
13484,0.528261780738831
13485,0.651586830615997
13489,0.575118064880371
13499,0.500569641590118
13506,0.663034915924072
13514,0.603074431419373
13517,0.609554767608643
13523,0.7388955950737
13526,0.679874300956726
13529,0.63239586353302
13531,0.687677502632141
13535,0.600349485874176
13536,0.553079187870026
13538,0.642368793487549
13539,0.576363503932953
13548,0.499330550432205
13551,0.711968421936035
13557,0.601887285709381
13559,0.574342906475067
13569,0.717559099197388
13574,0.550300359725952
13575,0.708648979663849
13581,0.585955917835236
13583,0.713245332241058
13584,0.616192221641541
13596,0.7100670337677
13614,0.769354581832886
13616,0.704133629798889
13617,0.546085357666016
13622,0.41887640953064
13624,0.722863554954529
13632,0.66361540555954
13633,0.735554218292236
13635,0.727032780647278
13636,0.774074673652649
13639,0.732935726642609
13644,0.367653131484985
13646,0.7262864112854
13647,0.723539710044861
13649,0.697561740875244
13662,0.724055826663971
13675,0.694028556346893
13681,0.732174098491669
13683,0.715644121170044
13686,0.745497822761536
13689,0.680477440357208
13692,0.718671679496765
13698,0.775948882102966
13706,0.586763560771942
13710,0.723018527030945
13722,0.716346025466919
13726,0.647952198982239
13730,0.588609576225281
13738,0.651719093322754
13746,0.729854464530945
13747,0.676334202289581
13753,0.62475061416626
13754,0.643409729003906
13762,0.67391562461853
13765,0.79170423746109
13766,0.535893976688385
13775,0.636333227157593
13784,0.266788363456726
13786,0.606457769870758
13802,0.600580513477325
13803,0.74082762002945
13805,0.732894837856293
13809,0.752403855323792
13817,0.54309606552124
13819,0.72242134809494
13829,0.717728018760681
13834,0.530300915241242
13853,0.720597267150879
13857,0.693375885486603
13859,0.473734766244888
13860,0.569041132926941
13861,0.612132012844086
13868,0.654342472553253
13869,0.508554935455322
13870,0.485847026109695
13871,0.55791050195694
13878,0.548151671886444
13879,0.627270758152008
13881,0.636828541755676
13889,0.467879086732864
13902,0.678170204162598
13909,0.66505891084671
13911,0.748210072517395
13914,0.723049163818359
13918,0.712529063224793
13923,0.714896559715271
13924,0.737201511859894
13926,0.466535985469818
13927,0.726360499858856
13928,0.70978581905365
13934,0.598341226577759
13943,0.429651260375977
13961,0.564671754837036
13962,0.631401181221008
13966,0.588870406150818
13967,0.511699557304382
13974,0.636943757534027
13978,0.715379059314728
13980,0.737600684165955
13986,0.72343111038208
14006,0.792688310146332
14007,0.721879601478577
14013,0.720093131065369
14019,0.609590291976929
14020,0.639037907123566
14023,0.762919783592224
14024,0.635455310344696
14025,0.479733169078827
14028,0.718601167201996
14042,0.741862654685974
14046,0.422994196414948
14051,0.663409471511841
14054,0.719530761241913
14059,0.6998610496521
14061,0.655085444450378
14062,0.719256520271301
14066,0.647243976593018
14072,0.724867343902588
14073,0.689496159553528
14074,0.662362575531006
14086,0.376931041479111
14093,0.499867260456085
14101,0.523398756980896
14105,0.696348249912262
14111,0.626878023147583
14117,0.613695681095123
14118,0.732877671718597
14134,0.717227756977081
14136,0.620415568351746
14141,0.450648039579392
14149,0.470138907432556
14151,0.584764659404755
14155,0.689265131950378
14160,0.659871816635132
14164,0.661706149578095
14166,0.676356852054596
14168,0.695618331432343
14184,0.584569811820984
14187,0.652661323547363
14189,0.728560507297516
14191,0.715336263179779
14197,0.60787296295166
14200,0.668065905570984
14203,0.728990077972412
14206,0.771935284137726
14214,0.766148447990418
14219,0.820672273635864
14228,0.814164042472839
14238,0.424171149730682
14240,0.406140953302383
14241,0.147347748279572
14255,0.149345338344574
14260,0.415269464254379
14274,0.408263206481934
14282,0.360533177852631
14285,0.104184329509735
14287,0.0789721310138702
14291,0.414648681879044
14294,0.753992080688477
14295,0.105133414268494
14299,0.424745380878449
14303,0.416835784912109
14306,0.416455626487732
14308,0.0783968865871429
14315,0.431810647249222
14322,0.0824041962623596
14330,0.394626021385193
14331,0.601897478103638
14332,0.400975733995438
14344,0.416043072938919
14366,0.0905445516109467
14372,0.820674300193787
14374,0.778926134109497
14389,0.400644809007645
14400,0.425120532512665
14401,0.161683738231659
14406,0.13234731554985
14409,0.108892500400543
14411,0.649067223072052
14418,0.745192527770996
14421,0.392789155244827
14427,0.42188236117363
14433,0.407991170883179
14435,0.396348804235458
14439,0.799216389656067
14452,0.403327852487564
14458,0.422770172357559
14459,0.748805463314056
14462,0.760820031166077
14470,0.070234090089798
14471,0.382564127445221
14479,0.414369523525238
14489,0.128811866044998
14493,0.753424465656281
14498,0.135941296815872
14499,0.817163228988648
14502,0.708291411399841
14509,0.408271312713623
14516,0.408079624176025
14520,0.0840688347816467
14521,0.115960001945496
14527,0.432836025953293
14528,0.396166086196899
14529,0.130062222480774
14537,0.419173449277878
14538,0.831173121929169
14539,0.0948200821876526
14542,0.0825574696063995
14545,0.0638178586959839
14560,0.381179749965668
14568,0.418393433094025
14573,0.412667274475098
14576,0.728239417076111
14577,0.102652132511139
14586,0.84408700466156
14587,0.495583981275559
14588,0.417598843574524
14590,0.721710801124573
14591,0.400877714157105
14598,0.223195254802704
14600,0.445794522762299
14603,0.831599354743958
14610,0.187495619058609
14611,0.84028685092926
14617,0.82999062538147
14618,0.0987141132354736
14621,0.436840236186981
14622,0.793743848800659
14633,0.854762434959412
14637,0.796127796173096
14646,0.430198520421982
14647,0.113945484161377
14657,0.387186467647553
14662,0.788641095161438
14667,0.752066493034363
14670,0.423247694969177
14673,0.629140913486481
14674,0.72011661529541
14680,0.413665533065796
14685,0.842609643936157
14686,0.432493537664413
14692,0.151176303625107
14693,0.768417716026306
14695,0.416709154844284
14700,0.641689956188202
14701,0.542356193065643
14705,0.814948081970215
14711,0.747758746147156
14713,0.19748130440712
14716,0.176237195730209
14718,0.427737027406693
14729,0.414728462696075
14733,0.0784246325492859
14748,0.396096557378769
14752,0.752825975418091
14754,0.780946254730225
14759,0.659266471862793
14762,0.843689680099487
14778,0.0823458135128021
14785,0.410306572914124
14786,0.395358800888062
14790,0.420507937669754
14791,0.409053564071655
14794,0.421875566244125
14795,0.4316625893116
14796,0.415605425834656
14801,0.414565324783325
14806,0.486855417490006
14808,0.119007647037506
14815,0.100263833999634
14816,0.788015842437744
14820,0.0670663714408875
14824,0.790296316146851
14838,0.405364334583282
14840,0.413389980792999
14842,0.646496057510376
14844,0.420892894268036
14850,0.407920628786087
14858,0.406777590513229
14867,0.747853398323059
14870,0.748973786830902
14886,0.430705934762955
14887,0.417881041765213
14896,0.761181771755219
14909,0.113349318504334
14913,0.406043529510498
14914,0.416341066360474
14923,0.415637880563736
14927,0.412139564752579
14933,0.0943553149700165
14938,0.749352276325226
14944,0.733318090438843
14946,0.519823849201202
14953,0.395759791135788
14961,0.381671100854874
14963,0.14809861779213
14965,0.395625978708267
14972,0.0758898854255676
14989,0.40791118144989
14996,0.409420520067215
